{"cameraMode":{"drawMode":0,"name":"Shaded","section":"Shading Mode"},"sceneLighting":false,"audioPlay":false,"sceneViewState":{"m_AlwaysRefresh":false,"showFog":true,"showSkybox":true,"showFlares":true,"showImageEffects":true,"showParticleSystems":true,"showVisualEffectGraphs":true,"m_FxEnabled":true},"in2DMode":false,"pivot":{"x":40.28141784667969,"y":-0.3328857123851776,"z":4.220296859741211},"rotation":{"x":0.055464260280132297,"y":0.0164740402251482,"z":-0.0009145811782218516,"w":0.9983293414115906},"size":2.148013114929199,"orthographic":false}