{"cameraMode":{"drawMode":0,"name":"Shaded","section":"Shading Mode"},"sceneLighting":false,"audioPlay":false,"sceneViewState":{"m_AlwaysRefresh":false,"showFog":true,"showSkybox":true,"showFlares":true,"showImageEffects":true,"showParticleSystems":true,"showVisualEffectGraphs":true,"m_FxEnabled":true},"in2DMode":false,"pivot":{"x":35.23722839355469,"y":4.099498748779297,"z":-5.947366237640381},"rotation":{"x":0.21339887380599976,"y":0.09070837497711182,"z":-0.01990331895649433,"w":0.9725441336631775},"size":0.21650634706020356,"orthographic":false}