{"cameraMode":{"drawMode":0,"name":"Shaded","section":"Shading Mode"},"sceneLighting":false,"audioPlay":false,"sceneViewState":{"m_AlwaysRefresh":false,"showFog":true,"showSkybox":true,"showFlares":true,"showImageEffects":true,"showParticleSystems":true,"showVisualEffectGraphs":true,"m_FxEnabled":true},"in2DMode":false,"pivot":{"x":0.28408098220825198,"y":0.21483249962329865,"z":-2.032991647720337},"rotation":{"x":-0.061461180448532107,"y":0.0014971636701375247,"z":0.00009219184721587226,"w":0.9981083869934082},"size":1.0024968385696412,"orthographic":false}