{"cameraMode":{"drawMode":0,"name":"Shaded","section":"Shading Mode"},"sceneLighting":false,"audioPlay":false,"sceneViewState":{"m_AlwaysRefresh":false,"showFog":true,"showSkybox":true,"showFlares":true,"showImageEffects":true,"showParticleSystems":true,"showVisualEffectGraphs":true,"m_FxEnabled":true},"in2DMode":false,"pivot":{"x":8.162878036499024,"y":12.19654369354248,"z":-12.428293228149414},"rotation":{"x":0.31307390332221987,"y":0.11783582717180252,"z":-0.039180271327495578,"w":0.9415761828422546},"size":1.0024968385696412,"orthographic":false}