{"cameraMode":{"drawMode":0,"name":"Shaded","section":"Shading Mode"},"sceneLighting":false,"audioPlay":false,"sceneViewState":{"m_AlwaysRefresh":false,"showFog":true,"showSkybox":true,"showFlares":true,"showImageEffects":true,"showParticleSystems":true,"showVisualEffectGraphs":true,"m_FxEnabled":true},"in2DMode":false,"pivot":{"x":44.3217887878418,"y":1.4291532039642335,"z":-2.494147777557373},"rotation":{"x":0.0868898257613182,"y":-0.004482869990170002,"z":0.00039149090298451483,"w":0.9962120056152344},"size":1.2445496320724488,"orthographic":false}