{"cameraMode":{"drawMode":0,"name":"Shaded","section":"Shading Mode"},"sceneLighting":false,"audioPlay":false,"sceneViewState":{"m_AlwaysRefresh":false,"showFog":true,"showSkybox":true,"showFlares":true,"showImageEffects":true,"showParticleSystems":true,"showVisualEffectGraphs":true,"m_FxEnabled":true},"in2DMode":false,"pivot":{"x":35.541229248046878,"y":3.597689390182495,"z":-18.7083740234375},"rotation":{"x":0.1404823511838913,"y":0.026728935539722444,"z":-0.003793844487518072,"w":0.9897162318229675},"size":1.0024968385696412,"orthographic":false}