{"cameraMode":{"drawMode":0,"name":"Shaded","section":"Shading Mode"},"sceneLighting":false,"audioPlay":false,"sceneViewState":{"m_AlwaysRefresh":false,"showFog":true,"showSkybox":false,"showFlares":true,"showImageEffects":true,"showParticleSystems":true,"showVisualEffectGraphs":true,"m_FxEnabled":true},"in2DMode":false,"pivot":{"x":0.008311712183058262,"y":0.05460219085216522,"z":-0.3900071084499359},"rotation":{"x":-0.011999113485217095,"y":-0.005999451037496328,"z":-0.00007179845124483109,"w":0.999910295009613},"size":0.2795085310935974,"orthographic":false}