{"cameraMode":{"drawMode":0,"name":"Shaded","section":"Shading Mode"},"sceneLighting":false,"audioPlay":false,"sceneViewState":{"m_AlwaysRefresh":false,"showFog":true,"showSkybox":false,"showFlares":true,"showImageEffects":true,"showParticleSystems":true,"showVisualEffectGraphs":true,"m_FxEnabled":true},"in2DMode":false,"pivot":{"x":-0.18282592296600343,"y":1.263114333152771,"z":-0.8353960514068604},"rotation":{"x":0.010190090164542199,"y":0.005096787586808205,"z":0.000051973900554003194,"w":-0.9999358057975769},"size":1.0024969577789307,"orthographic":false}