{"cameraMode":{"drawMode":0,"name":"Shaded","section":"Shading Mode"},"sceneLighting":false,"audioPlay":false,"sceneViewState":{"m_AlwaysRefresh":false,"showFog":true,"showSkybox":false,"showFlares":true,"showImageEffects":true,"showParticleSystems":true,"showVisualEffectGraphs":true,"m_FxEnabled":true},"in2DMode":false,"pivot":{"x":0.09779348224401474,"y":1.2450604438781739,"z":-1.3070608377456666},"rotation":{"x":-0.05428284779191017,"y":0.00209397473372519,"z":-0.0001137989602284506,"w":-0.998524010181427},"size":1.0024968385696412,"orthographic":false}